{"type": "metrics", "dataset": "train", "precision": 0.7169737357898863, "balanced_accuracy": 0.6712994719428045, "recall": 0.3870899470899471, "f1_score": 0.5027487630566245}
{"type": "metrics", "dataset": "test", "precision": 0.6733393994540491, "balanced_accuracy": 0.6687456207332052, "recall": 0.3882476390346275, "f1_score": 0.4925124792013311}
{"type": "cm_matrix", "dataset": "train", "true_0": {"predicted_0": 15506, "predicted_1": 722}, "true_1": {"predicted_0": 2896, "predicted_1": 1829}}
{"type": "cm_matrix", "dataset": "test", "true_0": {"predicted_0": 6714, "predicted_1": 359}, "true_1": {"predicted_0": 1166, "predicted_1": 740}}
